pid,Company,Location,Job Title,Days ago posted,Date Added,Link,Description,Rank
pj_8225435d79e39528,Spring Health,"New York, NY 10261",Vice President of Finance,13 days ago,2/20/2020,/pagead/clk?mo=r&ad=-6NYlbfkN0AbcLYJH6EEU2hhfUhIe4V-wtZUPXOEfJh72XLwlGjJwXW5GoFa_FpEsL0QoV5bxTuoaTYPbe0f16mroCQxWfazu__aFmiiZTsPI09Xvr12ozqvcHhbI6sMelbDjzAoFSbCj5zJNxBR7GB8GYyM9VdqLcLoDpY79Jofm3Z4VD1mqpiSpQvtBAUFzIB0_ydRyMzxj-IP1281jhn2fX4V_AP7QqaHSVeo9D28T1liMLf3RdWc6p87BbpXawwPYkuobEJi0VLIWRqbrtHp-bNaebzEO6WmePemaoTU5XMV9W5u8dj2nNKYRGLRowEYmnzdIFTWBn707Esi2o3m6snz5dmooFyD_76gZ0wgWFDu2_eXa_4xfd7vekhhjcSCdThd_sDK11DzTOKJ4nPssIl2I7ejngIxEQgGGK7C1gRP7Fu-2Tj0Xr1ZK8K5Wi_q7sMZs2Kz9AWeOP8bzKjb0Fc84PeQyVn2VxyJtPvq9MimyExH2a8GAPNISdRr5CuNmUUfI0mAYXxVURVVDW-qW7l15wQ_LCbtfRAMjxJnZ4MKHel-7O-4FeXEJYGBPdjNdPwOB2ubb2SisHBJGl3Eyi8FeXPzQAOjmMRrDOAooPa_CFpwR5NwqxO4_QBLe2KXja8aIqtN5JjQwezFE0j5-6tcCSXr17JCoRusjRJAHkFmBY3oPrypmKQtDjoGGHOXmcv4lq4dRr2BXTXuALO_JpjOqMHynlSerEOpaxQeEKS-4bT9Uw==&p=3&fvj=0&vjs=3,Not found,0
p_f4a6c750fb07d5a3,"Accolade, Inc.","Plymouth Meeting, PA","VP, Corporate Development",6 days ago,2/20/2020,/rc/clk?jk=f4a6c750fb07d5a3&fccid=15530f740b369340&vjs=3,Not found,0
p_2abc5eaff8a5f3e9,PDI,"Woodcliff Lake, NJ","Director, Corporate Development",Today,2/20/2020,/rc/clk?jk=2abc5eaff8a5f3e9&fccid=88033999cbb7563b&vjs=3,Not found,0
p_f9a2917333839bc4,Globus Medical,"Audubon, PA 19403",Counsel,30+ days ago,2/20/2020,/rc/clk?jk=f9a2917333839bc4&fccid=acac1a899b2241b4&vjs=3,Not found,0
p_86677326311bc4ec,Spring Health,"New York, NY 10001 (Flatiron District area)",Vice President of Finance,23 days ago,2/20/2020,/rc/clk?jk=86677326311bc4ec&fccid=675ee465d3812bad&vjs=3,Not found,0
p_434257381e7af92d,"Tabula Rasa HealthCare, Inc","Moorestown, NJ 08057",FP and A Analyst,30+ days ago,2/20/2020,/rc/clk?jk=434257381e7af92d&fccid=e75216b2b852dd90&vjs=3,Not found,0
p_15568d7a52e38d83,Penn State Health Shared Services,"Hershey, PA",Director System Business Development - Penn State Health Str...,7 days ago,2/20/2020,/rc/clk?jk=15568d7a52e38d83&fccid=0cab22599b0e634c&vjs=3,Not found,1
p_f60c850c16a2ac99,"ADCS Clinics, LLC","Maitland, FL 32751","Vice President, Financial Planning & Analysis",26 days ago,2/20/2020,/rc/clk?jk=f60c850c16a2ac99&fccid=6df8fe382f1c4970&vjs=3,Not found,0
p_d57515e098d58148,Optum,"El Segundo, CA 90245",Diligence & Integration Manager,20 days ago,2/20/2020,/rc/clk?jk=d57515e098d58148&fccid=3c38342724c75954&vjs=3,Not found,0
p_e06def9469ea597c,ResMed,"San Diego, CA 92123 (Kearny Mesa area)",MBA Marketing and Strategy Intern,Today,2/20/2020,/rc/clk?jk=e06def9469ea597c&fccid=24a3456d3ce2ad08&vjs=3,Not found,0
p_00a03f22e73112ed,"Tandem Diabetes Care, Inc.","San Diego, CA","Sr. Director, Strategy & Corporate Development",12 days ago,2/20/2020,/rc/clk?jk=00a03f22e73112ed&fccid=90b07f1fecfcc175&vjs=3,Not found,0
p_8d5047008330f724,Encompass Health,"Dallas, TX",Director of Development,16 days ago,2/20/2020,/rc/clk?jk=8d5047008330f724&fccid=ce9f86a0b3caac59&vjs=3,Not found,0
p_3662fd7168a186df,Atrium Health,"Wilmington, NC 28401",Sr Management Associate - Accounting and Finance,18 days ago,2/20/2020,/rc/clk?jk=3662fd7168a186df&fccid=b533ab2927d30db7&vjs=3,Not found,0
p_8c4df4ada0d3d45e,Amita Health,"Lisle, IL",Chief Strategy Officer,1 day ago,2/20/2020,/rc/clk?jk=8c4df4ada0d3d45e&fccid=5fb900b3e439bf06&vjs=3,Not found,0
